{"cameraMode":{"drawMode":0,"name":"Shaded","section":"Shading Mode"},"sceneLighting":false,"audioPlay":false,"sceneViewState":{"m_AlwaysRefresh":false,"showFog":true,"showSkybox":false,"showFlares":true,"showImageEffects":true,"showParticleSystems":true,"showVisualEffectGraphs":true,"m_FxEnabled":true},"in2DMode":false,"pivot":{"x":-0.18381310999393464,"y":4.02309513092041,"z":-0.3530459403991699},"rotation":{"x":0.25639408826828005,"y":0.49578574299812319,"z":-0.15597523748874665,"w":0.8149521350860596},"size":4.157999515533447,"orthographic":false}